base_EGP,USD,EUR,time_stamp
1,0.053780225495107480922,0.049857926089298302294,2022-04-24 05:59:03
